FirstName,Email
Michelle Harrington,cooldudneil@gmail.com
Kelsey Hill,cooldudneil@gmail.com
Scott Jensen,cooldudneil@gmail.com
Joseph Miller,cooldudneil@gmail.com
Debra Coleman,cooldudneil@gmail.com
Ryan Johnson,cooldudneil@gmail.com
Erin Lewis,cooldudneil@gmail.com
Angela Fields,cooldudneil@gmail.com
Diane Clark,cooldudneil@gmail.com
Lori Bell,cooldudneil@gmail.com
Jonathan Eaton,cooldudneil@gmail.com
Brianna Oconnor,cooldudneil@gmail.com
Kristine Williams,cooldudneil@gmail.com
Felicia Brown,cooldudneil@gmail.com
Andrew Guzman,cooldudneil@gmail.com
Justin Lara,cooldudneil@gmail.com
Jessica Harrison,cooldudneil@gmail.com
Alicia Knight,cooldudneil@gmail.com
Ronald Chen,cooldudneil@gmail.com
